employeeID,EmployeeName
CESM1,
OGOM1,
RemoteControlConsole,
WIRN1,
ESPJ1,
SERP1,
GASN1,
GUET1,
KIRM2,
ESNM1,
REIF3,
BONL2,
ANTC1,
HABM2,
SARD2,
PERD2,
WILS2,
LAMV1,
YAMJ1,
BHAA1,
MALJ1,
LERM1,
PAPN1,
STAA1,
CONS2,
BACL2,
VIRS1,
thoj3,
LIUT1,
svc_haconsole,
KHOM1,
KARN1,
adm_cosp1,
BHAK1,
TRNG2,
TRNG1,
BAA11,
COSP1,
LERM1,
cetus.support,
RAYJ1,
LEOF1,
CHUH2,
WONK1,
CARE1,
svc_SnapDrive,
KILC2,
WHIS1,
CONG1,
adm_solp1,
SingaporePacLRS,
WIN10BEN,
adm_modality,
ENSF1,
FARM2,
URAN1,
KEAN1,
SD_Dashboards,
ARMM1,
SMIS3,
Edes1,
svc_dc2sen02_krb,
HamburgLRS2,
DOWN1,
FUNL1,
svc_scorch,
MOOE1,
PATP3,
SGTR4,
ADM_PATP3,
TRNG4,
SGTR3,
SGTR5,
OBET2,
FISG2,
SOFE1,
PASH1,
GIOV2,
TONA1,
MUEP1,
OGOM1,
RAMA1,
adm_armm1,
SGTR2,
SGTR1,
SMIE1,
MASF1,
drobinson-swiftsec,
JEFT1,
WONS3,
WONM1,
CHAD2,
MAZG1,
JONA2,
adm_pentesec,
MARK2,
GREJ1,
MITS1,
GONE2,
adm_sade1_2,
KRAUM2,
LEUD1,
JINS1,
TANR4,
HUAB1,
SMIM1,
CHEW3,
MORM1,
PINT1,
MASP2,
DOVB1,
teneo.support,
svc_tdkerberos,
renj2,
POMM1,
MALC1,
YOUS1,
ARRM1,
MICN1,
KOUK1,
HART1,
LAKM1,
MURP1,
THED2,
ENSS1,
GRAE2,
adm_janm2,
ICMADMIN,
COHE1,
PAUA1,
FUJE1,
CHAK3,
BONA3,
GRAA4,
UWAC1,
WELF1,
LINB1,
JANM2,
FLOJ1,
GRED1,
BITA2,
KARA3,
BARL1,
manr2,
LINU1,
WEBK1,
KHIM1,
SCHK6,
TOOJ1,
EIMP1,
RECEPTION,
SGIRU,
GRAO1,
SHAH1,
CORA1,
KANM2,
JOLD1,
TRNR2,
VIVC1,
GALJ1,
GRAM1,
RANR1,
GALP2,
KARA2,
HLLI1,
PATS3,
PAPK2,
KUMR2,
GILA3,
sohj1,
ROCJ3,
LEWD1,
parj3,
ROES1,
navs2,
DIUA1,
LYOA1,
boog1,
leem1,
CHEW4,
RICR10,
SLOJ1,
PALJ3,
WFWDEAA,
ARHF1,
ROBC1,
SHOB1,
BAGM1,
MunichSRSB,
MunichSRSA,
MCDJ2,
muuser,
PAWM1,
OEZB1,
RAMJ2,
SUFM1,
MCDJ2,
svc_mdt_admin,
MPAssistants,
FRAG1,
LORM1,
HUNT1,
ROSR1,
MACL2,
BISP1,
TANR3,
KOLS1,
SUSN1,
SART1,
SUBS1,
LONP1,
LONT7,
IPA11,
KRAK2,
MARA3,
WOHJ1,
adm_bisp1,
JONV1,
FARZ1,
MIGC1,
FORH1,
PERS3,
TRNG5,
TRNG7,
HERM4,
AKCL1,
PHID1,
ZENL1,
DANB1,
YOUR1,
adm_checkpoint_adque,
VILJ1,
JAHN1,
MEIJ2,
CHAV1,
BOON2,
MEKN1,
HANE1,
srv_MBAM_DB_RO,
OSBC2,
SCHL5,
CHAA5,
TECB1,
HUIR1,
ROBF1,
kasm1,
HAAB1,
FLEE1,
WICJ1,
BROA2,
CHIJ1,
GETJ1,
YEAS1,
CHAB2,
ILUI1,
RIMS1,
FRIJ2,
NYAK1,
BLOA2,
AMIN1,
svc_Billback,
SALM1,
GREG2,
HARM3,
LEUK1,
Win7Test,
Win8Test,
AHameed,
MACS2,
BTRAINEE6,
MASJ1,
PALL1,
HARV1,
MACE3,
MCWZ1,
NAHS1,
HURY1,
DOHC1,
SUNK1,
SHIW1,
SHID1,
TWIE1,
MASC2,
CAYD1,
KLOH1,
SCHH2,
LEEA2,
ANNM1,
intappAArteaga,
adm_haab1,
HOLD1,
CAIA1,
GANS1,
JOYC1,
VOLN1,
BENS1,
GOAT1,
FISC2,
RHOG1,
YUSI1,
ANGM2,
GERS2,
KELK2,
GOUE1,
DAMF1,
OSTA1,
JENR1,
ATWT1,
DIAA1,
MYZM1,
ABEM1,
KLES1,
VROJ1,
HOPC2,
svc_DMSAdmin,
BOUE1,
QUEM1,
LESM2,
LEER2,
THOM2,
NOUL1,
SZIA1,
SingaporeSouthLRS,
MAIJ1,
GREA2,
ANGC2,
hkevents,
GLAA1,
BROD3,
JOND1,
LOWJ2,
WIN10ANDREW,
LAME1,
UKTrainees,
GAMH1,
WIN10ROB,
VOSL1,
OSBG1,
MCKN1,
ZHUB1,
KHAM1,
ZOUZ1,
TREV1,
CHAL1,
SIMM1,
ALEF1,
SANG3,
SEOA1,
CHAS6,
ALEJ1,
GRAK1,
STUA2,
MTEMP1,
BUSA4,
gen_eBible,
THOA3,
WANK1,
ARIA1,
LondonSRSWheelhouse,
HamburgLRS307,
adm_davd1,
DELS3,
TAYN4,
GRAE1,
NATA1,
BORT2,
TANM3,
HamburgLRS308,
adm_gred1,
RIET2,
GROH1,
pentesec1,
SEVA1,
KOHM1,
CHAP2,
svc_Till,
PRAA1,
ALTA1,
TEMP1,
DSAM1,
GOUS1,
KINP1,
LondonSRSEngine,
TRAS1,
dibm2,
ide_group,
adm_ide1,
adm_ide2,
LEGM1,
VONA1,
TS12,
HTEMP2,
HongKongSRSPacific,
adm_tintri,
MAKC1,
svc_WCS,
KRAB1,
Iphelion1,
KUDH1,
YIPJ1,
HARP1,
NEAB1,
LILL1,
ADM_HARP1,
WASS1,
ANTC3,
LEUR1,
Lync2,
ROBE2,
grec2,
DUNE1,
TROA2,
MADC2,
DERG1,
LIVP1,
CAST1,
REEA1,
VEAG1,
PTEMP,
BTRAINEE7,
VACV1,
RICJ1,
DOEJ1,
STAJ2,
ParisLRSB,
ACCUEIL,
PTEMP3,
BTRAINEE8,
KRAUM3,
TEMH5,
sinu1,
DACE2,
TEMH1,
KAEW1,
AKLN1,
TEMH7,
TEMH4,
GARI3,
HARA2,
HESL1,
SPRC1,
COLS4,
DPST1,
BANM2,
KAYG1,
stu3,
RINA1,
abek1,
QUIL1,
PTEMP5,
intappsshevelenko,
BTRAINEE4,
DEMN2,
STU8,
intappslunt,
ATAY1,
MARE5,
SCHL4,
intappdparry,
NERA1,
STU1,
svc_printreport,
MCCC1,
DORP1,
GOOJ1,
KUMA1,
SCHJ3,
BZZZ1,
ALLC1,
HEAD1,
LOJ11,
BENZ1,
adm_bms01,
HELL1,
TWEB1,
KOLB1,
DESL1,
TANA5,
CHII1,
FUZC1,
WILT3,
svc_ImanWCSE,
SingaporeAtlLRS,
SingaporeArcLRS,
BTRAINEE2,
HINL1,
ALOO1,
TANI1,
EKBN1,
AMUD1,
WIJW1,
DubaiSRSSafa,
PTEMP4,
DEBJ1,
HongKongSRSVC,
KHAN2,
adm_kirm1,
MAHM1,
MOUL2,
APOS1,
NIMT1,
KUEL1,
DEML1,
VERE1,
ZWEE1,
ANTP1,
DENB1,
DANF1,
CLAH2,
HILA1,
CLAC1,
DELC2,
BORS1,
londonLRS3,
TEMH3,
MCCJ1,
CMSUP,
KIRM1,
JASM1,
MHEL1,
MANM1,
FIRR1,
PYKR1,
BOWC1,
OUZA1,
KAUJ1,
BTRAINEE1,
CHIS2,
STU2,
STU4,
LondonSRSBridge,
HARD1,
TEMH2,
CALN1,
BTRAINEE3,
BMS_Admin,
WALN5,
SIEJ2,
DELA1,
ELFL1,
adm_elfl1,
CHES3,
adm_maip1,
ARIH1,
DubaiLRSA,
MORL1,
adm_arih1,
st2-wfwdc1lyn~1,
adm_vidco,
st1-wfwdc1lyn~1,
svc_TDKerberos2,
HERC2,
TAMS2,
svc_tpdsk,
adm_parative,
PALR1,
intapphgordon,
svc_QuestNME,
LAUS3,
MANC1,
HUTS1,
ANSG1,
DAVM3,
HELL1,
STU10,
LEBM1,
COTA1,
GROS1,
Aderantsbrowne,
GOAI1,
adm_goai1,
HOFM1,
DIES1,
KASS1,
NYTEMP,
DOEV1,
BOEJ1,
BENL2,
intappeklose,
TANN1,
WOJA1,
YIPZ1,
HALC1,
adm_handshake,
LAUA1,
VANM2,
MadridSRS2,
SCHC7,
HOLJ3,
LOWS2,
AthensSRSA,
HKSCAN,
STSG2,
SINU8,
SINU7,
GulinoWFW,
DAVC1,
accueilpc,
DPST3,
STSG1,
APTA1,
sinu5,
sinu6,
SINU4,
SINU3,
SINU2,
BROJ3,
MadridSRS1,
ANGM1,
MadridSala2,
ITtraining,
GRUJ2,
POWR1,
PREH2,
PEDC1,
adm_forescout,
WEEP12,
GOOK2,
intappskobak,
WEEP3,
WEEP15,
WEEP16,
WEEP13,
WEEP14,
WEEP10,
WEEP8,
WEEP9,
WEEP7,
WEEP5,
WEEP6,
WEEP2,
KARJ1,
VUTB1,
adm_handshake2,
LEEP2,
QUAJ1,
WONI1,
STUA1,
CHEQ1,
VANT1,
CHOA2,
WEEP11,
KERT1,
MANS3,
TEMH6,
WEEP18,
adm_proact,
MCED1,
JULK1,
KURP1,
ROBB2,
test_pata2,
REDS0,
HOJ12,
jimb0,
HTRN8,
STU9,
HamburgLRS306,
STU7,
adm_handshake3,
STU6,
svc_vmware,
ITSDVM,
USET1,
GARA2,
WROF1,
SCHH3,
STU5,
svc_Solarwinds,
GALR2,
JANJ1,
VERM2,
STUP1,
CLAJ5,
STU13,
METJ1,
BERA5,
SCHI1,
STAB1,
LINR1,
audit,
CHAN7,
scsm_sdatest,
RICE1,
STU12,
MINP1,
ROMV1,
BROC3,
gen_ParisAdmin,
NGC11,
HAWA1,
BARV1,
CHAN2,
LIUE1,
ucc_test,
WRIR3,
intappebrewer,
SOMK1,
DROA1,
SCHC8,
KUNM1,
STEA2,
SAKK1,
HEIJ1,
CLOM1,
adm_kauj1,
ROCJ2,
HTRN2,
TSEC2,
NGW11,
SLUA1,
RUSL1,
MATG2,
TRNG6,
HENL1,
URIA1,
KILJ1,
HOPJ1,
ALMT1,
MUED1,
STSG3,
TRNF1,
MAA12,
ROSL1,
DEHF1,
ZEIA1,
GONE1,
adm_foresys,
TAYN2,
MOOS1,
ZABS1,
adm_moos1,
UMLD1,
KRUC1,
GEYC1,
MCLA1,
KOY11,
EAKC1,
BARM2,
BKTN1,
adm_hubs1,
HUBS1,
DIMF1,
SingaporeVCRLRS,
STSG7,
SCHK2,
DPST2,
svc_TikitEM,
SEEF2,
FANA1,
INAN1,
WATA1,
HILR1,
MASD1,
WALN3,
ATTC1,
DIAF1,
londonLRSN,
LondonLRSS,
HARK4,
BINA2,
ANDK2,
REYM1,
CIMV1,
GRUC1,
SCHL3,
FRAC2,
CANL1,
SQL_IBAudit,
STRT2,
SCHJ2,
COMF1,
MILA1,
SANS1,
DESP1,
HUGC1,
HamburgLRS1,
PRECS,
HARK3,
adm_broj3,
SCHN1,
KOEN1,
SHAA2,
WAGC1,
WALH1,
HamburgLRS3,
golm1,
svc_ldap,
TSEC1,
NELE2,
GARN1,
RABL1,
YLAR1,
HPRES1,
ROTP1,
May-11,
VAQA1,
zhoa1,
TROF1,
SIGJ1,
UNSF1,
acrr1,
SMAC1,
DRAH1,
Fesa1,
BOUK1,
LONR1,
FOTN1,
ROSD1,
adm_luxs1,
JIV11,
BAUB1,
LUXS1,
MULE1,
KURD1,
MAIB1,
MARP2,
BEAJ1,
GART1,
HAUP1,
Modality2,
SCHM8,
frac1,
weep21,
GENG1,
DABM1,
MENN2,
SCHS4,
REMM1,
REIA4,
ALIE1,
BOTS2,
MOLD2,
MUEM1,
WATM1,
CONM2,
VIEA1,
MORT1,
DAVJ3,
SEVD1,
KRES2,
Svc_mossWorkflowUAT,
SUNC2,
WONA2,
BAMM1,
LEEK2,
ASSK1,
WONJ1,
ROUT1,
WALM4,
REIA3,
adm_sevd1,
WOOL2,
KIRG1,
AYAK1,
KOSM1,
TOME1,
adm_kirg1,
DYMW1,
KAMM3,
PLEJ1,
BITC1,
OBRC1,
LOUT1,
BAF11,
KOPT1,
MACE2,
KODL1,
WONB1,
POOK1,
APPN1,
MCAR1,
ROHL1,
FONC1,
SEAL1,
SETJ1,
THAP2,
GRAD1,
adm_lex1,
svc_BESAdmin,
CEKD1,
HOFF1,
FEIK1,
FOSL1,
BICN1,
WALA3,
SCHV3,
FREK3,
KOSC1,
KLUS1,
GRIP2,
KORP1,
STHR1,
SHOR2,
BORS1,
STEJ1,
POHA1,
svc_mossdevsql,
WITS3,
VOND1,
ANAN1,
BUEA1,
TRAJ2,
RAUE1,
GREJ2,
TEBR1,
HAUV1,
CHAR5,
JACJ1,
MUIE1,
DOOK1,
AREJ1,
KASJ2,
ITGermanySDVU,
WEGD1,
CHAJ3,
KINK1,
WARD1,
KLEL1,
YAPN1,
JAMA1,
coln1,
INCG1,
SCHL2,
SCHA5,
SARD2,
PTEMP2,
ABRJ1,
RICG1,
VERM1,
BOLJ1,
DOHM1,
PINV1,
THIA2,
AKAK1,
HOFJ1,
JEYV1,
adm_abrj1,
AVEG1,
BUSL1,
KAMM2,
BOOK1,
KAUJ1,
KAUJ1,
GIGM1,
RUTM1,
VANM1,
DENH1,
DEMA2,
HSUH1,
HIED1,
BClient1,
KENM1,
SIRT2,
IATest,
CHAO1,
adm_davj3,
MANS3,
OSGJ1,
IGLL1,
wort1,
GOOC2,
CZAM1,
TOMK2,
BRUA1,
KREP1,
TURJ2,
KLIC2,
DECJ1,
HOGE1,
CHIL2,
munich.test1,
hamburg.test1,
WESC1,
STU14,
MATC3,
MILA1,
GILS1,
adm_brua1,
WEEP4,
THOR1,
SIAC1,
DERP1,
WUJ11,
LONG1,
VAZL1,
VONL1,
GTRN6,
svc_spintegration,
YONL2,
PTEMP6,
YUDA1,
dubuser1,
adm_scc,
SRAJ1,
BERD3,
BAUG2,
KAMM1,
PORT1,
DANA1,
PETF2,
KITJ1,
CHIV1,
CHIM1,
OUTL1,
BAKJ1,
LEOM2,
LERJ1,
chal2,
BIAP1,
HANS1,
VERR1,
SUFP1,
HAUF1,
IBBL1,
adm_poms1,
LIX11,
LOWL1,
LOWY1,
TANM2,
ZHUD1,
TANJ2,
TANM1,
SIMJ2,
GUOC1,
LOHZ1,
CHAS5,
HOJ11,
LIMC3,
RAHN1,
TANC1,
ERRA1,
TANK3,
LEEH2,
SHAS4,
hoga1,
PATR1,
TEHM1,
COOA3,
TECE1,
LOIS1,
LEUC2,
YIPL1,
BOUM1,
PAOL1,
LARL1,
MIEL1,
LUND1,
TANM4,
CUSJ1,
adm_derp1,
MISN1,
USTR1,
sohj1,
ALLA2,
TAYD1,
MALD2,
SOUP1,
MEYM1,
BAAA1,
HAUM1,
PUTN1,
GANF1,
MIKI1,
Balf1,
BAYS1,
GOHA1,
KELJ1,
BINM1,
COHS1,
MAA11,
WATA2,
RODE1,
LALD1,
SCHA2,
BRIC1,
EBAB2,
COBI1,
adm_cohs1,
CROM1,
LAPS1,
BRAJ3,
DUAW1,
HOLJ1,
SCHD2,
QUIS1,
NICS1,
TORI1,
LEOC1,
TANB1,
herm2,
LIMA2,
adm_lima2,
BERA4,
KWAA5,
JOSR1,
SUNC1,
MARM4,
HAGA1,
HOTB1,
MARF2,
HOLM1,
OOIZ1,
BENA3,
adm_bena3,
TS14,
TRNH3,
svc_spdev01,
SUTS1,
adm_HERM2,
ECKK1,
SIWO1,
Property,
RICC1,
ctxtest02,
ctxtest03,
ctxtest01,
KHIS1,
AUSD1,
TURW1,
KOUE1,
RATD1,
GIEJ1,
SELA1,
MANR1,
MYLM1,
CHOR1,
LOWR2,
PROF1,
ACOP1,
JOHJ2,
SCHA6,
HOLF1,
LAPA1,
CHEA2,
BRIK1,
lync.test6,
COLP1,
YUC11,
PHIG1,
BURF1,
DUAP1,
MITP1,
PAKH1,
NURM1,
WONC1,
CARA2,
LEEB1,
kapd1,
SPEJ1,
ROJM1,
WEEP17,
WEEP19,
WEEP20,
SMIS2,
SPEL1,
BENL3,
TANI1,
RICN2,
VEIC1,
ROSA3,
DAIW1,
SVC_DCA,
YALM1,
NGJ11,
lync.test,
COLE2,
CARM3,
KAER1,
BKTN5,
BKTN4,
BKTN3,
BKTN2,
KARD4,
CRER1,
NELS1,
BEOA1,
BTRAINEE5,
levr1,
NEUJ1,
HOCA1,
WILR2,
CHEM2,
ROUQ1,
DEJY1,
HIBZ1,
oula1,
Altm1,
HERM3,
LAWM1,
LAZM1,
STEM1,
TEOJ1,
LAYH1,
LABC1,
PRAK1,
GANJ1,
HELS1TEST,
SERM1,
MOKI1,
MCFJ1,
PETA2,
LEEP1,
adm_leep1,
svc_InterAction,
PHIF1,
adm_mba5,
svc_wsmob,
BRUM1,
MURL1,
SHAD1,
NGJ13,
adm_mba3,
adm_mba2,
adm_mba4,
NINE1,
HKTN4,
HKTN3,
HKTN1,
HKTN2,
svc_BlackberryWeb,
CONA2,
FREJ3,
FEWE1,
Alumini,
CRM,
PETE1,
svc_citrix,
HAAT1,
TRNH2,
WORA2,
FELS1,
MEHM1,
HILD1,
SUTA1,
MTRN3,
MTRN2,
BIAG1,
MTRN1,
MTRN4,
MUIJ1,
GOOC3,
STEE2,
KRUA1,
LEET2,
svc_ITDisplay,
NTRN1,
NTRN2,
NTRN4,
NTRN3,
LEOG1,
NTRN7,
DARD1,
FEJT1,
HANZ1,
PAPM3,
adm_muij1,
FULK1,
SCHS2,
TS5,
CHAN5,
RATC1,
FREJ1,
FRTST0,
GEMP1,
STRJ1,
CRIJ1,
scsm_sdm_test,
TULA1,
STSG5,
gen_DocAutoAdmin,
TRNM1,
WFWMI-PC19$iME,
WFWMI-PC17$iME,
MOLA1,
SKRC1,
NUMP1,
KANG2,
SCHJ1,
GREM1,
lync.test8,
lync.test9,
VIST2,
MORJ3,
POMS1,
VALD2,
KRAE1,
STSG4,
scoc2,
LOUH1,
CHEA1,
FARR1,
BADK2,
MURJ1,
WYAW1,
NLEC1,
SIEN1,
TEA11,
ZARK1,
TSEM1,
WALA2,
SEMS1,
LANK1,
WPADMIN,
WARJ2,
CLEI1,
svc_mossDevelopment2,
POYR1,
WFWMA-PC28$iME,
legalny,
CHAR6,
BAGO1,
TCPD1,
WFWLO-PC25$iME,
Nguk1,
LIB3,
TEAD1,
MONB2,
CHIE1,
FABF1,
TENS1,
OHNJ1,
lync.test5,
lync.test7,
lync.test4,
lync.test3,
lync.test2,
lync.test1,
WFWLO-PC29$iME,
WFWLO-PC23$iME,
cecr1,
COCG1,
RATP1,
BAKK1,
Lib2,
HICJ2,
PACM1,
